Acronym,Year,SampleStartYear,SampleEndYear,is_start,is_end,is_sharpe,is_n_months,post_start,post_end,post_sharpe,post_n_months,full_sharpe,full_n_months,reported_return_monthly_pct,reported_tstat,reported_sharpe_annualized
AbnormalAccruals,2001,1971,1992,1971-01-01,1992-12-31,1.0783969329269592,246,2002-01-01,2024-12-31,-0.17449135118137035,276,0.23045513720334815,630,0.916666667,8.43,1.8618755296219127
Accruals,1996,1962,1991,1962-01-01,1991-12-31,1.2183143536598,360,1997-01-01,2024-12-31,0.1866821075018738,336,0.713061751750963,870,0.866666667,4.71,0.8599244152831107
AccrualsBM,2004,1980,1998,1980-01-01,1998-12-31,1.1177582696827042,228,2005-01-01,2024-12-31,0.5734194232913296,240,0.839776354636269,725,0.206,5.5,1.2617865362880898
Activism1,2005,1990,2001,1990-01-01,2001-12-31,0.2946580905376371,135,2006-01-01,2024-12-31,0.3037538410940778,14,0.1869106294880887,197,0.9025,3.13,0.9331857026099122
AM,1992,1963,1990,1963-01-01,1990-12-31,0.6601811495440237,336,1993-01-01,2024-12-31,0.3064163588383219,384,0.413936010575883,882,,5.69,1.0753089257112516
AnalystRevision,1984,1975,1980,1975-01-01,1980-12-31,2.4422465574914405,58,1985-01-01,2024-12-31,1.0549042050973125,480,1.287174492096622,586,0.460583333,3.169151376,1.4415164747705935
AnnouncementReturn,1996,1977,1992,1977-01-01,1992-12-31,3.175482820443261,192,1997-01-01,2024-12-31,1.3520015729872916,336,1.9172305647087058,640,,9.25,2.3125
AssetGrowth,2008,1968,2003,1968-01-01,2003-12-31,1.2759289637483895,432,2009-01-01,2024-12-31,0.6498629078383029,192,0.8738536444951976,870,1.73,8.45,1.408333333333333
BetaLiquidityPS,2003,1968,1999,1968-01-01,1999-12-31,0.35859982465179063,384,2004-01-01,2024-12-31,-0.006726981871238492,252,0.15636411195314345,733,0.533333333,2.54,0.44901280605345767
BetaTailRisk,2014,1963,2010,1963-01-01,2010-12-31,0.47602858396800185,576,2015-01-01,2024-12-31,0.2557636265450806,120,0.2993595727070713,1116,0.33,2.48,0.35795716689756796
betaVIX,2006,1986,2000,1986-01-01,2000-12-31,0.9313929081194294,179,2007-01-01,2024-12-31,0.20843713929340604,216,0.5356794106596975,467,1.04,3.9,1.0097845336849212
BM,1980,1962,1976,1962-01-01,1976-12-31,0.9790480868833382,180,1981-01-01,2024-12-31,0.47929715031687825,528,0.5549051990787071,882,,,
BMdec,1992,1963,1990,1963-01-01,1990-12-31,1.0082549138863606,336,1993-01-01,2024-12-31,0.6232201721517566,384,0.7673270176126961,870,0.5,5.71,1.0790885704413435
BookLeverage,1992,1963,1990,1963-01-01,1990-12-31,0.605947355169534,336,1993-01-01,2024-12-31,-0.021773562710811316,384,0.0392248593109993,882,,5.34,1.0091651429346367
BPEBM,2007,1963,2001,1963-01-01,2001-12-31,0.44404006883725095,468,2008-01-01,2024-12-31,-0.05893869812310685,204,0.24268060392477042,750,,4.1,0.6565254306008571
Cash,2012,1972,2009,1972-01-01,2009-12-31,0.49557174113068575,456,2013-01-01,2024-12-31,-0.07068264995236637,144,0.31484250531343844,639,0.69,2.14,0.34715384121983184
CashProd,2009,1963,2003,1963-01-01,2003-12-31,0.4979269661670237,492,2010-01-01,2024-12-31,0.20001357856719476,180,0.33774491384244554,888,,3.6,0.5622255427989817
CBOperProf,2016,1963,2014,1963-01-01,2014-12-31,0.4603884599154837,624,2017-01-01,2024-12-31,0.3459956249575668,96,0.4466922561233127,750,0.47,3.17,0.4395999055084941
CF,1994,1968,1990,1968-01-01,1990-12-31,0.8407088875300238,276,1995-01-01,2024-12-31,0.24624768524205587,360,0.3327366984746447,882,0.658333333,3.379,0.7045702050988556
cfp,2004,1973,1997,1973-01-01,1997-12-31,0.4385398011550262,300,2005-01-01,2024-12-31,0.6729162202450661,240,0.36558329133849793,726,1.275,2.77,0.5539999999999999
ChangeInRecommendation,2004,1985,1998,1985-01-01,1998-12-31,2.9422701763279786,61,2005-01-01,2024-12-31,0.607797289782811,240,1.2565628129820672,373,0.225,,
ChAssetTurnover,2008,1984,2002,1984-01-01,2002-12-31,0.8507618019636326,228,2009-01-01,2024-12-31,0.12769284115933144,192,0.5055065735819468,858,,5.12,1.1746085574172762
ChEQ,2010,1964,2007,1964-01-01,2007-12-31,0.6421964897414049,528,2011-01-01,2024-12-31,0.5252570616566924,168,0.5655831821694424,750,0.8,5.38,0.8110655169141842
ChForecastAccrual,2004,1981,1996,1981-01-01,1996-12-31,1.119015513407708,192,2005-01-01,2024-12-31,0.27212338601815395,240,0.6041693087354212,582,2.375,,
ChInv,2002,1970,1997,1970-01-01,1997-12-31,1.225393568980797,336,2003-01-01,2024-12-31,0.452807801303682,264,0.9589986486658524,870,0.949166667,,
ChInvIA,1998,1974,1988,1974-01-01,1988-12-31,1.443021832325388,180,1999-01-01,2024-12-31,0.2864026137626499,312,0.6304444939654988,870,,2.914,0.7523915647232274
ChNAnalyst,2008,1982,2005,1982-01-01,2005-12-31,0.3761672089688041,284,2009-01-01,2024-12-31,0.1312484373046432,192,0.3918902568856929,558,0.46,3.34,0.6865590872471866
ChNNCOA,2008,1984,2002,1984-01-01,2002-12-31,1.0228367648182548,228,2009-01-01,2024-12-31,-0.22123760133147852,192,0.5491990162131073,870,,5.26,1.2067267601591547
ChNWC,2008,1984,2002,1984-01-01,2002-12-31,0.6047194800827806,228,2009-01-01,2024-12-31,0.2537953162943588,192,0.5036557360141574,870,,4.61,1.0576065331432898
ChTax,2011,1977,2006,1977-01-01,2006-12-31,1.6651916183455668,360,2012-01-01,2024-12-31,0.76272657784148,156,1.281417822684222,747,1.3,11.26,2.0557853325027233
CitationsRD,2013,1982,2008,1982-01-01,2008-12-31,0.4279109800869099,324,2014-01-01,2024-12-31,0.09007863674257281,132,0.24290606813750493,570,0.26,2.6,0.5003702332976757
CompEquIss,2006,1968,2003,1968-01-01,2003-12-31,0.3692867618329216,432,2007-01-01,2024-12-31,0.5312047515312961,216,0.3166270869972088,1127,,4.39,0.7316666666666666
CompositeDebtIssuance,2008,1970,2005,1970-01-01,2005-12-31,0.9306496168936957,432,2009-01-01,2024-12-31,0.5455030748438502,192,0.7233048678484214,822,0.523,8.59,1.4316666666666664
ConvDebt,2016,1985,2012,1985-01-01,2012-12-31,0.8157298142249522,336,2017-01-01,2024-12-31,0.5133935731370192,96,0.5215106101911653,888,,4.5,0.8504200642707612
CoskewACX,2006,1963,2001,1963-01-01,2001-12-31,0.4615131946657009,468,2007-01-01,2024-12-31,0.27098325009525753,216,0.41440148691579415,749,0.28,2.76,0.4419537045020404
CPVolSpread,2009,1996,2004,1996-01-01,2004-12-31,1.0597997131187427,107,2010-01-01,2024-12-31,0.8978683525694248,157,0.9165418522972941,324,1.045,4.2,1.4065268419085877
dVolCall,2014,1996,2011,1996-01-01,2011-12-31,0.7252935649699923,190,2015-01-01,2024-12-31,0.847289624250253,97,0.6624172686379131,323,1.09,3.45,0.8670275901638097
dVolPut,2014,1996,2011,1996-01-01,2011-12-31,0.3301085552255259,190,2015-01-01,2024-12-31,0.34062926564628143,97,0.337809254721988,323,0.42,2.03,0.5101640602992851
dCPVolSpread,2014,1996,2011,1996-01-01,2011-12-31,1.8573992530431331,190,2015-01-01,2024-12-31,1.2003227098778082,97,1.5470118085813485,323,-1.68,6.77,1.701384575480867
CredRatDG,2001,1986,1998,1986-01-01,1998-12-31,0.643027456008929,156,2002-01-01,2024-12-31,0.21370381812736758,276,0.41497932392266734,658,1.316666667,11.04,3.0619450831632644
CustomerMomentum,2008,1980,2004,1980-01-01,2004-12-31,0.6162063633674334,300,2009-01-01,2024-12-31,0.38199204362987427,192,0.47716015194415345,570,1.578,3.79,0.7579999999999999
DelBreadth,2002,1979,1998,1979-01-01,1998-12-31,0.8547512990688645,222,2003-01-01,2024-12-31,0.300230017132813,264,0.4708795120615963,534,0.673333333,3.96,0.9206812988510487
DelCOA,2005,1962,2001,1962-01-01,2001-12-31,0.9608752570384866,480,2006-01-01,2024-12-31,0.3073005559281606,228,0.7633724954909092,870,,8.71,1.377171921003329
DelCOL,2005,1962,2001,1962-01-01,2001-12-31,0.6976412380315211,480,2006-01-01,2024-12-31,0.19555180038348371,228,0.4492374455394795,870,,4.49,0.7099313347078011
DelEqu,2005,1963,2001,1963-01-01,2001-12-31,0.5093694698549063,468,2006-01-01,2024-12-31,0.3601511439070925,228,0.5357763829147909,750,,6.25,1.0008009612817945
DelFINL,2005,1962,2001,1962-01-01,2001-12-31,1.9060873899101962,480,2006-01-01,2024-12-31,0.4590451476754806,228,1.2531100741718288,870,,8.01,1.2664922028974357
DelLTI,2005,1962,2001,1962-01-01,2001-12-31,0.39185317448098883,480,2006-01-01,2024-12-31,0.3899300292033116,228,0.46704890358079204,858,,3.38,0.5344249245684561
DelNetFin,2005,1962,2001,1962-01-01,2001-12-31,1.4095713248927024,480,2006-01-01,2024-12-31,0.05414819163019817,228,0.7222314258397036,870,,5.85,0.9249662155992509
DivInit,1995,1964,1988,1964-01-01,1988-12-31,1.1346036897738663,300,1996-01-01,2024-12-31,0.25199794140541565,348,0.3494410223861144,1187,0.625,3.37,0.6739999999999999
DivOmit,1995,1964,1988,1964-01-01,1988-12-31,0.5725876170812166,300,1996-01-01,2024-12-31,0.5484377209216366,347,0.4771406644257635,1140,0.916666667,6.33,1.2659999999999998
DivSeason,2013,1927,2011,1927-01-01,2011-12-31,1.5307209222133629,1020,2014-01-01,2024-12-31,0.6361920104840653,132,1.3964078802653037,1184,0.36,16.19363096,1.7564458889495824
DivYieldST,1979,1936,1977,1936-01-01,1977-12-31,0.8351200938133746,501,1980-01-01,2024-12-31,1.4331937794739131,540,1.0643074314114986,1181,,6.3,0.9750172729930123
dNoa,2004,1964,2002,1964-01-01,2002-12-31,1.4903328077068045,468,2005-01-01,2024-12-31,0.37331353974103426,240,1.0664792648570751,750,,8.85,1.417134161175021
DolVol,1998,1966,1995,1966-01-01,1995-12-31,0.5048529388987357,360,1999-01-01,2024-12-31,0.3700508398995542,312,0.41623551126014047,1185,,2.86,0.5221621714882584
EarningsConsistency,2009,1971,2002,1971-01-01,2002-12-31,0.44387641472876205,384,2010-01-01,2024-12-31,0.5389332169179987,180,0.5158273250072002,858,0.360833333,2.67,0.47199377644202045
EarningsForecastDisparity,2011,1983,2006,1983-01-01,2006-12-31,0.8848239695636831,288,2012-01-01,2024-12-31,0.198663518403262,156,0.5537931178214712,516,0.48,5.08,1.0369506577782122
EarningsStreak,2012,1987,2009,1987-01-01,2009-12-31,2.200934769839766,276,2013-01-01,2024-12-31,1.2347961011973407,144,1.676127936111644,482,0.957,9.51,1.9829720776827808
EarningsSurprise,1984,1974,1981,1974-01-01,1981-12-31,1.7170553901880585,96,1985-01-01,2024-12-31,0.7706095995646164,480,1.1627046913697574,739,2.975,,
EarnSupBig,2007,1972,2001,1972-01-01,2001-12-31,0.4312221021520119,360,2008-01-01,2024-12-31,0.4849075057237519,204,0.48263499384137043,739,,8.91,1.6267359957903433
EBM,2007,1963,2001,1963-01-01,2001-12-31,0.6504886246280834,468,2008-01-01,2024-12-31,0.41782272754441935,204,0.497379862744085,750,0.12,3.0,0.4803844614152613
EntMult,2011,1963,2009,1963-01-01,2009-12-31,0.8191801754127352,564,2012-01-01,2024-12-31,0.23558025836613827,156,0.6641959084545891,882,0.95,6.54,0.9539570443962303
EP,1977,1957,1971,1957-01-01,1971-12-31,0.5337445934122783,180,1978-01-01,2024-12-31,0.24482700599563603,564,0.370459796715096,888,0.58,,
EquityDuration,2004,1962,1998,1962-01-01,1998-12-31,0.557434913639467,426,2005-01-01,2024-12-31,0.007551796851984547,240,0.4131529256890086,738,0.5,4.368488219,0.7331907754647007
ExchSwitch,1995,1962,1990,1962-01-01,1990-12-31,0.5433783597933999,338,1996-01-01,2024-12-31,0.7012372829937801,348,0.6617687128494629,746,0.455,3.61,0.6802044593420978
ExclExp,2003,1988,1999,1988-01-01,1999-12-31,0.8316809041818237,144,2004-01-01,2024-12-31,0.12287356869688945,252,0.13918052794581623,488,,6.78,1.9572174125528314
FEPS,2006,1983,2002,1983-01-01,2002-12-31,0.6859406862474475,240,2007-01-01,2024-12-31,0.41175518857355453,216,0.48926916714819574,587,1.199,2.66,0.594794082014944
fgr5yrLag,1996,1983,1990,1983-01-01,1990-12-31,0.7370614476165568,96,1997-01-01,2024-12-31,-0.0003206634577800551,336,0.09511621031092739,510,,4.9,1.7324116139070418
FirmAgeMom,2006,1983,2001,1983-01-01,2001-12-31,1.3249766296311956,228,2007-01-01,2024-12-31,0.5994898789737628,216,0.7214050121143795,1164,2.9,7.21,1.6540874412067503
ForecastDispersion,2002,1976,2000,1976-01-01,2000-12-31,0.7111752659425453,299,2003-01-01,2024-12-31,0.2785065791417478,264,0.4590164826507257,587,0.79,2.88,0.5769624066861696
Frontier,2009,1980,2003,1980-01-01,2003-12-31,1.2614606229807395,288,2010-01-01,2024-12-31,0.2779857712247651,180,0.7874275374340169,738,0.96,4.863206041,0.9926977762058906
Governance,2003,1990,1999,1990-01-01,1999-12-31,0.6931500923803348,111,2004-01-01,2024-12-31,-0.9706851661798412,38,-0.1438265050165316,197,0.72,2.769230769,0.9105174680768716
GP,2013,1963,2010,1963-01-01,2010-12-31,0.3462623350537213,576,2014-01-01,2024-12-31,0.800014473983011,132,0.48899702383770016,882,0.31,2.49,0.35940054257054205
GrAdExp,2014,1974,2010,1974-01-01,2010-12-31,0.6242467547875923,444,2015-01-01,2024-12-31,0.16545247186883585,120,0.2050602033742666,714,0.58,3.54,0.5819724150609648
grcapx,2006,1976,1999,1976-01-01,1999-12-31,1.056997732726265,288,2007-01-01,2024-12-31,0.3485229422887436,216,0.7406233630773065,858,0.57,5.05,1.0308269334212543
grcapx3y,2006,1976,1999,1976-01-01,1999-12-31,0.9586044228932262,288,2007-01-01,2024-12-31,0.09073571157502479,216,0.6511469036571963,846,0.6,4.71,0.9614247240423974
Herf,2006,1963,2001,1963-01-01,2001-12-31,0.3762815560094156,468,2007-01-01,2024-12-31,-0.40135040126367677,216,0.012088134978483206,887,0.26,2.14,0.3426742491428864
HerfBE,2006,1963,2001,1963-01-01,2001-12-31,0.32942451912246784,468,2007-01-01,2024-12-31,-0.4438047671317023,216,0.02952827339266773,877,0.24,2.52,0.4035229475888195
hire,2014,1965,2010,1965-01-01,2010-12-31,0.8315745542399133,546,2015-01-01,2024-12-31,0.25867168212649766,120,0.7143472558156471,714,0.87,5.78,0.856884210060233
IdioVol3F,2006,1963,2000,1963-01-01,2000-12-31,0.5237146560038494,456,2007-01-01,2024-12-31,0.16304176993517613,216,0.27720878218859835,1181,1.06,3.1,0.5028864055053638
IdioVolAHT,2003,1976,1997,1976-01-01,1997-12-31,0.5390495187218096,264,2004-01-01,2024-12-31,0.12172947869784934,252,0.11267077022347567,1170,,2.699,0.5754287334437924
Illiquidity,2002,1964,1997,1964-01-01,1997-12-31,0.4829235022876808,408,2003-01-01,2024-12-31,0.07656134081661509,264,0.29274047396320513,1170,,6.6,1.1318906619405584
IndIPO,1991,1975,1987,1975-01-01,1987-12-31,0.6670291675899909,152,1992-01-01,2024-12-31,0.4286449022820741,396,0.4629658077587032,596,0.8525,3.97,1.1154737015937977
IndMom,1999,1963,1995,1963-01-01,1995-12-31,0.4166931201742358,396,2000-01-01,2024-12-31,0.25469173744660417,300,0.3871543843587671,1182,0.43,4.65,0.809461100193995
IndRetBig,2007,1972,2001,1972-01-01,2001-12-31,1.742199719030452,360,2008-01-01,2024-12-31,0.5653337016044824,204,1.1856928087228895,1187,,11.0,2.0083160441856087
IntanBM,2006,1968,2003,1968-01-01,2003-12-31,0.37846918214793657,432,2007-01-01,2024-12-31,0.08478617391149298,216,0.2835742471867814,702,,3.99,0.6649999999999999
IntanCFP,2006,1968,2003,1968-01-01,2003-12-31,0.3811246053259007,432,2007-01-01,2024-12-31,0.2672343021468618,216,0.33315768082992553,828,,4.89,0.815
IntanEP,2006,1968,2003,1968-01-01,2003-12-31,0.3957760824938977,432,2007-01-01,2024-12-31,0.25796592172854355,216,0.37871262293508856,822,,4.64,0.7733333333333332
IntanSP,2006,1968,2003,1968-01-01,2003-12-31,0.4166420833425675,432,2007-01-01,2024-12-31,0.1359730695385305,216,0.3300149061471301,822,,4.24,0.7066666666666667
IntMom,2012,1927,2010,1927-01-01,2010-12-31,0.6447330888207425,1008,2013-01-01,2024-12-31,0.3042372948554234,144,0.6000632345301089,1176,1.2,5.79,0.6317407922331978
Investment,2004,1973,1996,1973-01-01,1996-12-31,0.4671692051929787,288,2005-01-01,2024-12-31,0.09399156259947082,240,0.1912062060827778,858,0.168333333,2.86,0.5837950553633241
InvestPPEInv,2008,1970,2005,1970-01-01,2005-12-31,1.3121997415431301,432,2009-01-01,2024-12-31,0.4925530823732944,192,0.986913318836397,876,0.57,7.13,1.1883333333333332
InvGrowth,2012,1965,2009,1965-01-01,2009-12-31,1.1130071356866111,540,2013-01-01,2024-12-31,0.5446972204295117,144,0.9319790578899158,870,0.89,6.64,0.9898327580399068
iomom_cust,2010,1986,2005,1986-01-01,2005-12-31,0.3722761786827317,239,2011-01-01,2024-12-31,0.05047528687603883,168,0.3024210546958526,467,,4.11,0.9209445760380432
iomom_supp,2010,1986,2005,1986-01-01,2005-12-31,0.700332292073176,239,2011-01-01,2024-12-31,0.05678494095103423,168,0.40206900124710465,467,,5.03,1.127092753642666
Leverage,1988,1952,1981,1952-01-01,1981-12-31,0.47796488381031355,360,1989-01-01,2024-12-31,0.21039031524193896,432,0.3409004134818547,882,,3.93,0.7175165503317675
LRreversal,1985,1929,1982,1929-01-01,1982-12-31,0.41263497682166767,648,1986-01-01,2024-12-31,0.32133470459716545,468,0.3498531158520632,1152,0.105,3.29,0.4477122918753697
MaxRet,2011,1962,2005,1962-01-01,2005-12-31,0.4135053652660439,528,2012-01-01,2024-12-31,0.10508268324064436,156,0.2946419807504133,1187,1.03,2.83,0.4266385525775355
MeanRankRevGrowth,1994,1968,1990,1968-01-01,1990-12-31,0.8038697655651574,276,1995-01-01,2024-12-31,0.04491311354528917,360,0.3934462005160039,810,,,
Mom12m,1993,1964,1989,1964-01-01,1989-12-31,0.8787712242485446,312,1994-01-01,2024-12-31,0.3327032039528409,372,0.3810370605798146,1176,1.31,3.74,0.7334743454168082
Mom12mOffSeason,2008,1965,2002,1965-01-01,2002-12-31,0.7276125367247162,456,2009-01-01,2024-12-31,0.35108111644428636,192,0.48335812267859807,1186,1.17,4.2,0.6813299687492026
Mom6m,1993,1964,1989,1964-01-01,1989-12-31,0.7041943716845196,312,1994-01-01,2024-12-31,0.4259791401190291,372,0.2984711161231588,1182,0.84,2.44,0.47852336973716897
Mom6mJunk,2007,1985,2003,1985-01-01,2003-12-31,0.9719785423429714,228,2008-01-01,2024-12-31,0.21243687247385767,204,0.7152533531851408,658,2.12,4.29,0.9841934983047099
MomOffSeason,2008,1965,2002,1965-01-01,2002-12-31,0.7923889779676612,456,2009-01-01,2024-12-31,0.24944418332138496,192,0.5843888089135615,1175,1.25,5.6,0.90843995833227
MomOffSeason06YrPlus,2008,1965,2002,1965-01-01,2002-12-31,0.7724156708202455,456,2009-01-01,2024-12-31,0.5191785388484411,192,0.5864506348490837,1127,0.55,4.62,0.7494629656241228
MomOffSeason16YrPlus,2008,1965,2002,1965-01-01,2002-12-31,0.4672282664922761,456,2009-01-01,2024-12-31,0.25763959366401457,192,0.362595391217648,1007,0.39,3.35,0.5434417607880545
MomRev,2006,1965,2001,1965-01-01,2001-12-31,0.7166479177220777,444,2007-01-01,2024-12-31,0.03938004782549589,216,0.35979942174103324,1151,0.48,4.29,0.7052716555399828
MomSeason,2008,1965,2002,1965-01-01,2002-12-31,0.9471990047240846,456,2009-01-01,2024-12-31,-0.0498909353585335,192,0.6098391193236384,1164,0.67,5.35,0.8678846030495795
MomSeason06YrPlus,2008,1965,2002,1965-01-01,2002-12-31,1.0022410537578834,456,2009-01-01,2024-12-31,0.07597798589420227,192,0.6901965700643768,1116,0.68,6.15,0.9976617399541896
MomSeason11YrPlus,2008,1965,2002,1965-01-01,2002-12-31,1.125210753495833,456,2009-01-01,2024-12-31,0.20284962792504183,192,0.735392326571637,1056,0.66,6.43,1.043083737870803
MomSeason16YrPlus,2008,1965,2002,1965-01-01,2002-12-31,0.8187701602761569,456,2009-01-01,2024-12-31,0.5848334367553081,192,0.7371023938826124,996,0.52,4.58,0.7429741087788924
MomSeasonShort,2008,1965,2002,1965-01-01,2002-12-31,1.4005391521001613,456,2009-01-01,2024-12-31,0.0978307833540827,192,0.6342625426511302,1176,1.15,7.6,1.2328828005937953
MomVol,2000,1965,1995,1965-01-01,1995-12-31,0.9058411305478754,372,2001-01-01,2024-12-31,0.37833261133533574,288,0.46171626709044666,1164,1.55,5.78,1.0381186457147589
MS,2005,1978,2001,1978-01-01,2001-12-31,1.0122627618780904,288,2006-01-01,2024-12-31,0.6150585244523596,228,0.6278548971685669,587,1.575,9.14,1.8656946874198541
NetDebtFinance,2006,1971,2000,1971-01-01,2000-12-31,1.4397771477122057,342,2007-01-01,2024-12-31,0.6345583695517867,216,1.1845764736256625,630,0.675,6.91,1.294361591605901
NetDebtPrice,2007,1963,2001,1963-01-01,2001-12-31,0.619002244326073,462,2008-01-01,2024-12-31,0.06438633731100023,204,0.3774952370373498,738,0.658333333,2.34,0.3771251471638779
NetEquityFinance,2006,1971,2000,1971-01-01,2000-12-31,0.5638950084658146,342,2007-01-01,2024-12-31,0.7228652201512675,216,0.5793347016121894,630,0.93,3.82,0.7155515600484141
NetPayoutYield,2007,1984,2003,1984-01-01,2003-12-31,0.5824481873058144,240,2008-01-01,2024-12-31,0.9162749506912639,204,0.6298289432084706,858,0.37,2.83,0.6328072376324404
NOA,2004,1964,2002,1964-01-01,2002-12-31,1.2108773602107146,468,2005-01-01,2024-12-31,0.017842694840440834,240,0.7765046419220586,744,1.48,8.45,1.353082899652986
OPLeverage,2011,1963,2008,1963-01-01,2008-12-31,0.37110631662806354,552,2012-01-01,2024-12-31,-0.03286741973386784,156,0.3817584886873524,882,0.51,3.38,0.49835381180355226
OptionVolume1,2012,1996,2010,1996-01-01,2010-12-31,0.5449466798673983,178,2013-01-01,2024-12-31,0.12111337255494108,129,0.43366586901797993,331,0.916,3.45,0.8957766073843849
OrderBacklog,2003,1981,1999,1981-01-01,1999-12-31,0.7663032875950513,228,2004-01-01,2024-12-31,-0.43612136735977586,252,-0.004135881724716869,642,,2.38,0.5460094466119368
OrderBacklogChg,2007,1971,1999,1971-01-01,1999-12-31,0.4513829683995435,330,2008-01-01,2024-12-31,0.6211866250318371,204,0.4485090391323265,630,1.1675,,
OrgCap,2013,1970,2008,1970-01-01,2008-12-31,0.46954340513327353,468,2014-01-01,2024-12-31,0.2593273836037378,132,0.49710947140344963,882,0.385833333,2.85,0.45636523834449827
OScore,1998,1981,1995,1981-01-01,1995-12-31,0.8496695910632162,180,1999-01-01,2024-12-31,0.5731466419596198,312,0.5793245250325242,636,1.17,3.36,0.8675482695504612
PatentsRD,2013,1982,2008,1982-01-01,2008-12-31,0.42775560747897384,321,2014-01-01,2024-12-31,-0.998818332916914,48,-0.2028646567279466,447,0.41,4.13,0.7985243399517181
PayoutYield,2007,1984,2003,1984-01-01,2003-12-31,0.5097988308758838,240,2008-01-01,2024-12-31,0.210331714942319,204,0.2999438391236185,858,0.28,3.92,0.8765386471799175
PctAcc,2011,1989,2008,1989-01-01,2008-12-31,0.7816197835860026,240,2012-01-01,2024-12-31,0.2818043624265626,156,0.6126584223388464,726,0.97,3.29,0.7356663645974307
PctTotAcc,2011,1989,2008,1989-01-01,2008-12-31,1.0487896542262414,240,2012-01-01,2024-12-31,0.7749820620626517,156,0.7781935289586289,438,0.71,3.29,0.7356663645974307
Price,1973,1932,1971,1932-01-01,1971-12-31,0.48347851680283827,480,1974-01-01,2024-12-31,0.15703977948699266,612,0.27072296189284484,1188,,2.9,0.458530260724415
PriceDelayRsq,2005,1964,2001,1964-01-01,2001-12-31,0.4420669267656407,456,2006-01-01,2024-12-31,-0.24405535379272533,224,0.30542860016660694,1165,0.31,3.4,0.5515528318445926
PS,2000,1976,1996,1976-01-01,1996-12-31,0.7948875830938722,252,2001-01-01,2024-12-31,0.23562315147578294,288,0.3448208157176916,636,1.958333333,5.594,1.2207108779801412
RD,2001,1975,1995,1975-01-01,1995-12-31,1.277633221226363,252,2002-01-01,2024-12-31,0.1372407433800061,276,0.5446247953248492,882,0.8875,,
RDAbility,2013,1980,2009,1980-01-01,2009-12-31,0.3171591465247589,360,2014-01-01,2024-12-31,0.2354811545221191,132,0.1098340177483556,810,1.35,2.61,0.4765186250294945
RDcap,2011,1980,2007,1980-01-01,2007-12-31,0.4039531220772664,330,2012-01-01,2024-12-31,-0.16420504923276444,156,0.23997403257290545,534,0.69,2.64,0.5034282471216728
RDIPO,2006,1980,1995,1980-01-01,1995-12-31,0.7206533459388021,192,2007-01-01,2024-12-31,0.6785668348720509,216,0.5309681823319857,572,0.76,2.68,0.67
RDS,2011,1976,2003,1976-01-01,2003-12-31,0.7422680947039358,336,2012-01-01,2024-12-31,-0.18285604742706726,156,0.3147494021776331,618,0.333333333,5.84,1.1036562611869434
RealizedVol,2006,1963,2000,1963-01-01,2000-12-31,0.42390100489663546,456,2007-01-01,2024-12-31,0.02482213033222882,216,0.20821989385438291,1181,0.97,2.86,0.4639532644339808
Recomm_ShortInterest,2011,1994,2006,1994-01-01,2006-12-31,0.8082308902317803,156,2012-01-01,2024-12-31,0.3174315127390143,156,0.49710596075911684,373,1.11,4.09,1.1343619012805934
ResidualMomentum,2011,1930,2009,1930-01-01,2009-12-31,0.9186263663265648,955,2012-01-01,2024-12-31,0.3557101232752323,156,0.843183093640436,1135,0.933333333,8.218550486,0.9212641355362254
retConglomerate,2012,1977,2009,1977-01-01,2009-12-31,1.1577209294769502,396,2013-01-01,2024-12-31,0.31212874605762897,144,0.9261648841955539,587,1.18,5.51,0.9591678843158951
ReturnSkew,2015,1963,2012,1963-01-01,2012-12-31,0.7459639750864641,600,2016-01-01,2024-12-31,0.4280055403652398,108,0.8000722225686081,1187,0.47,4.01,0.567099638511611
ReturnSkew3F,2015,1963,2012,1963-01-01,2012-12-31,0.6178500605587965,600,2016-01-01,2024-12-31,0.39939099894798263,108,0.7172083892437883,1181,0.45,4.35,0.6151828996322963
REV6,1996,1977,1992,1977-01-01,1992-12-31,2.216457363544564,192,1997-01-01,2024-12-31,0.5939502090905514,336,1.0359214674768482,580,,4.07,1.0175
RevenueSurprise,2006,1987,2003,1987-01-01,2003-12-31,1.392172678867736,204,2007-01-01,2024-12-31,0.650194453979095,216,1.073684579310251,739,,,
RIO_Disp,2005,1980,2003,1980-01-01,2003-12-31,0.5359074627757509,288,2006-01-01,2024-12-31,0.42757716223638964,228,0.5525243281126003,587,0.54,2.47,0.5041866387228708
RIO_MB,2005,1980,2003,1980-01-01,2003-12-31,0.7487200955988957,288,2006-01-01,2024-12-31,0.0996733937243279,228,0.49680021705300453,741,1.07,4.91,1.0022495530887838
RIO_Turnover,2005,1980,2003,1980-01-01,2003-12-31,0.5619090432452875,288,2006-01-01,2024-12-31,0.42798104862833314,228,0.2439369740799926,1180,0.92,2.71,0.5531764335785344
RIO_Volatility,2005,1980,2003,1980-01-01,2003-12-31,0.8462902278261446,288,2006-01-01,2024-12-31,0.7256807169817602,228,0.33422385157721424,1179,1.07,4.38,0.89406375611586
RIVolSpread,2009,1996,2004,1996-01-01,2004-12-31,0.724229877126333,107,2010-01-01,2024-12-31,0.15607260218360727,157,0.4178709274329711,324,0.732,2.9,0.9711732956035487
roaq,2010,1976,2005,1976-01-01,2005-12-31,1.0168508728219634,360,2011-01-01,2024-12-31,0.7818289812959662,168,0.743796097150891,702,0.841666667,6.45,1.1776034986361072
sfe,2001,1982,1998,1982-01-01,1998-12-31,0.6523808042360876,204,2002-01-01,2024-12-31,0.3915952702996058,276,0.30540408895500176,573,1.466666667,4.99,1.2102527689313014
ShareIss1Y,2008,1970,2003,1970-01-01,2003-12-31,0.7510726976778374,408,2009-01-01,2024-12-31,0.6478776387752008,192,0.6214933940769234,1170,,7.08,1.2142099828089625
ShareIss5Y,2006,1968,2003,1968-01-01,2003-12-31,0.5898117603945572,432,2007-01-01,2024-12-31,0.7785398658977226,216,0.5207913242456929,1122,,4.39,0.7316666666666666
ShareVol,1998,1962,1991,1962-01-01,1991-12-31,0.7166450227080485,360,1999-01-01,2024-12-31,0.05620767716899991,312,0.35346791815720935,1176,,8.86,1.6176072864985904
Size,1981,1926,1975,1926-01-01,1975-12-31,0.3714724030764499,594,1982-01-01,2024-12-31,0.05098229041445052,516,0.2798529743222777,1182,1.01,3.07,0.4363507994744826
SmileSlope,2011,1996,2005,1996-01-01,2005-12-31,2.5871504140927133,119,2012-01-01,2024-12-31,1.5504624951516501,133,2.0761037801516378,324,1.8,8.168,2.593778412621539
std_turn,2001,1966,1995,1966-01-01,1995-12-31,0.6007737948570105,360,2002-01-01,2024-12-31,-0.015214362656670739,276,0.2762362700572053,1164,,3.74,0.6828274550231072
STreversal,1990,1934,1987,1934-01-01,1987-12-31,1.9335979125969038,648,1991-01-01,2024-12-31,0.71566651764782,408,1.4026884412821283,1187,1.99,12.44,1.6928695777901517
SurpriseRD,2004,1974,2001,1974-01-01,2001-12-31,0.5758368309651031,336,2005-01-01,2024-12-31,-0.05900256487472278,240,0.12988665423034085,874,0.294,3.540083799,0.669012953748769
tang,2009,1973,2001,1973-01-01,2001-12-31,0.6817087332662789,348,2010-01-01,2024-12-31,-0.08168221318174093,180,0.318276346961452,888,,3.37,0.6257932896566647
Tax,2004,1973,2000,1973-01-01,2000-12-31,0.6525506782937839,336,2005-01-01,2024-12-31,0.713642589489075,240,0.6156880261833367,882,,3.851,0.7277705927792669
TotalAccruals,2005,1962,2001,1962-01-01,2001-12-31,0.4179001878579004,480,2006-01-01,2024-12-31,0.02337979672111321,228,0.3846666964935048,870,,6.38,1.0087665735937128
TrendFactor,2016,1930,2014,1930-01-01,2014-12-31,1.4487659014752514,1020,2017-01-01,2024-12-31,0.16826024959869648,96,1.3772245698593946,1186,1.63,15.0,1.6269784336399213
VolSD,2001,1966,1995,1966-01-01,1995-12-31,0.514234105963918,360,2002-01-01,2024-12-31,0.0074094861566772145,276,0.21732176944815268,1174,,3.56,0.649964101572797
XFIN,2006,1971,2000,1971-01-01,2000-12-31,0.8915393228513355,342,2007-01-01,2024-12-31,0.8401631035689262,216,0.8111380651447035,630,1.29,5.7,1.0677078252031311
zerotrade6M,2006,1960,2003,1960-01-01,2003-12-31,0.5123352737198977,528,2007-01-01,2024-12-31,0.14460173884221855,216,0.3534741785369841,1181,0.806,4.06,0.6120680294928601
zerotrade1M,2006,1960,2003,1960-01-01,2003-12-31,0.5657846671786679,528,2007-01-01,2024-12-31,0.1524058172857289,216,0.346828293057572,1176,0.56,3.46,0.521614626119531
zerotrade12M,2006,1960,2003,1960-01-01,2003-12-31,0.5169021931368889,528,2007-01-01,2024-12-31,0.10189188062054168,216,0.3452133518974685,1175,0.846,4.4,0.6633249580710799
Activism2,2005,1990,2001,1990-01-01,2001-12-31,0.3123639056937393,135,2006-01-01,2024-12-31,0.15012119955297767,14,0.44067538756491914,197,0.661666667,2.0,0.5962847939999438
AdExp,2001,1975,1996,1975-01-01,1996-12-31,0.6667419587232906,264,2002-01-01,2024-12-31,0.2927614291426558,276,0.312952882167328,728,0.529166667,,
AgeIPO,1991,1975,1987,1975-01-01,1987-12-31,1.7837493383227094,84,1992-01-01,2024-12-31,0.4778273803863552,396,0.5521895586426049,528,0.972222222,,
AnalystValue,1998,1975,1993,1975-01-01,1993-12-31,0.3367332019069778,210,1999-01-01,2024-12-31,0.2513138517746457,312,0.22894194977397408,582,0.258333333,,
AOP,1998,1975,1993,1975-01-01,1993-12-31,0.481695160798542,210,1999-01-01,2024-12-31,0.001441978316919951,312,0.21350378644178147,582,0.275,,
Beta,1973,1929,1968,1929-01-01,1968-12-31,0.2770508666408758,480,1974-01-01,2024-12-31,0.12596840030094336,612,0.14925146779797782,1162,,2.57,0.4063526793316367
BetaFP,2014,1929,2012,1929-01-01,2012-12-31,-0.0035625678616031165,1008,2015-01-01,2024-12-31,-0.06888487093073747,120,0.002640182715373548,1161,0.7,7.12,0.7768556892401328
BidAskSpread,1986,1961,1980,1961-01-01,1980-12-31,0.356679405387519,240,1987-01-01,2024-12-31,0.0021816019928199,456,0.19465447185592458,1187,,,
BrandInvest,2014,1975,2010,1975-01-01,2010-12-31,0.334118732527618,432,2015-01-01,2024-12-31,-0.28826793059726336,120,0.13713921853724123,714,0.435,2.01,0.3349999999999999
ConsRecomm,2001,1985,1997,1985-01-01,1997-12-31,0.6508941624384479,50,2002-01-01,2024-12-31,0.12449350570494787,276,0.3937194869416716,374,0.79,3.197,1.566203741535564
Coskewness,2000,1964,1993,1964-01-01,1993-12-31,0.4239204485165234,360,2001-01-01,2024-12-31,0.3468796636380641,288,0.1103092907763779,1170,0.3,1.96,0.3578454042367085
DebtIssuance,1999,1975,1989,1975-01-01,1989-12-31,0.7635572000382329,180,2000-01-01,2024-12-31,0.16968561478335045,300,0.5407582558548946,636,0.29,2.19,0.5654555685462828
DelDRC,2013,2002,2007,2002-01-01,2007-12-31,0.6734805574334884,72,2014-01-01,2024-12-31,0.373525229366814,132,0.31620715072621247,294,,3.59,1.4656113627652683
DownRecomm,2001,1985,1997,1985-01-01,1997-12-31,2.6080744753130625,49,2002-01-01,2024-12-31,0.6049302901121986,276,1.022194539306063,373,,,
FirmAge,1984,1931,1980,1931-01-01,1980-12-31,-0.008771353455396686,600,1985-01-01,2024-12-31,-0.1795283961544663,480,-0.13795165113909783,1158,,2.48,0.35072496346852755
FR,2006,1980,2002,1980-01-01,2002-12-31,0.36213486994908917,258,2007-01-01,2024-12-31,-0.35457440481534797,216,-0.0940152265303249,522,0.4875,,
GrLTNOA,2003,1964,1993,1964-01-01,1993-12-31,0.6773682771887722,360,2004-01-01,2024-12-31,-0.11488080255678976,252,0.33838011674403035,870,0.61,,
GrSaleToGrInv,1998,1974,1988,1974-01-01,1988-12-31,0.8782379670120071,180,1999-01-01,2024-12-31,-0.06152647136396411,312,0.5320499611942375,870,,2.372,0.6124477664802661
GrSaleToGrOverhead,1998,1974,1988,1974-01-01,1988-12-31,-0.11207558047094383,180,1999-01-01,2024-12-31,-0.23087740858530634,312,-0.0014184575968007697,870,,2.069,0.5342135028868763
HerfAsset,2006,1963,2001,1963-01-01,2001-12-31,0.2687164593288484,468,2007-01-01,2024-12-31,-0.48138356195600585,216,-0.028839748500032368,877,0.2,2.12,0.3394716860667847
High52,2004,1963,2001,1963-01-01,2001-12-31,0.30127261071630457,468,2005-01-01,2024-12-31,0.14396217047824514,240,0.020232945296200233,1182,0.45,2.0,0.3202563076101742
IO_ShortInterest,2005,1980,2002,1980-01-01,2002-12-31,0.6392760466398273,276,2006-01-01,2024-12-31,0.7220527472700252,228,0.6375076972518798,541,0.98,,
MomOffSeason11YrPlus,2008,1965,2002,1965-01-01,2002-12-31,0.2538233158174948,456,2009-01-01,2024-12-31,0.05233778173113361,192,0.2637693144220056,1067,0.19,1.77,0.28713191540144967
MRreversal,1985,1933,1980,1933-01-01,1980-12-31,0.30092740704513815,576,1986-01-01,2024-12-31,0.3018344818888906,468,0.3035800426022905,1170,0.75,,
NumEarnIncrease,2012,1987,2009,1987-01-01,2009-12-31,1.3601266596245403,276,2013-01-01,2024-12-31,0.6636137259483341,144,1.183841393616987,732,,,
OperProf,2006,1977,2003,1977-01-01,2003-12-31,0.5828474241700491,324,2007-01-01,2024-12-31,0.5587737111089826,216,0.46183727922377354,738,,2.55,0.49074772881118184
OperProfRD,2016,1963,2014,1963-01-01,2014-12-31,0.2589991010983484,618,2017-01-01,2024-12-31,0.5880770117002863,96,0.33098575098257055,738,0.29,1.84,0.2563977492593153
OptionVolume2,2012,1996,2010,1996-01-01,2010-12-31,0.5885476095038428,177,2013-01-01,2024-12-31,-0.42608915917443485,129,0.32930441601911054,330,0.516,2.45,0.637925663806037
PredictedFE,1998,1979,1993,1979-01-01,1993-12-31,0.4012613079078993,126,1999-01-01,2024-12-31,-0.030617557632726923,312,0.08586208073559451,498,,,
PriceDelaySlope,2005,1964,2001,1964-01-01,2001-12-31,0.3023231050157515,456,2006-01-01,2024-12-31,-0.13791742819605976,224,0.18906351234134805,1165,1.21,7.7,1.2491049427068714
PriceDelayTstat,2005,1964,2001,1964-01-01,2001-12-31,0.3072406598446632,456,2006-01-01,2024-12-31,-0.1330648212656446,224,0.15695236989461928,1165,1.1,7.39,1.1988163021563352
ProbInformedTrading,2002,1984,1998,1984-01-01,1998-12-31,1.0656611633959494,60,2003-01-01,2024-12-31,0.13429553642953268,132,0.35983495619838785,240,,2.496,1.116245134367895
realestate,2010,1971,2005,1971-01-01,2005-12-31,0.3263162860870402,420,2011-01-01,2024-12-31,0.167749274105429,168,0.258226253091123,654,0.244166667,1.8,0.304255531702266
RoE,1996,1979,1993,1979-01-01,1993-12-31,0.7295721930802292,180,1997-01-01,2024-12-31,0.3901969847171989,336,0.3413638899662692,762,,4.5,1.161895003862225
ShareRepurchase,1995,1980,1990,1980-01-01,1990-12-31,1.1868876645315085,132,1996-01-01,2024-12-31,0.4467897308169934,348,0.4745527151037905,630,0.17,1.852179859,0.5584532396869426
ShortInterest,2001,1976,1993,1976-01-01,1993-12-31,1.2456544386940225,216,2002-01-01,2024-12-31,0.8294872280887171,276,0.8769896697787096,623,0.35,,
sinAlgo,2009,1926,2006,1926-01-01,2006-12-31,0.17847579378418782,972,2010-01-01,2024-12-31,-0.08290115548982586,180,0.14057186246357473,1188,0.3,2.0,0.22222222222222218
skew1,2010,1996,2005,1996-01-01,2005-12-31,0.9924426246267463,119,2011-01-01,2024-12-31,0.34418208445446885,145,0.6523140827452886,324,0.64,2.19,0.6954425469688016
SP,1996,1979,1991,1979-01-01,1991-12-31,0.7917460533644414,156,1997-01-01,2024-12-31,0.6048569529305892,336,0.6874341182782424,882,,2.52,0.6989222472437886
Spinoff,1993,1965,1988,1965-01-01,1988-12-31,0.4464235004011904,288,1994-01-01,2024-12-31,-0.02902369230222569,372,0.1845393007978982,1188,2.083333333,2.43,0.49602167291359367
UpRecomm,2001,1985,1997,1985-01-01,1997-12-31,2.5054068385148,49,2002-01-01,2024-12-31,0.5412374443529957,276,1.015168128134231,373,,,
VarCF,1996,1979,1993,1979-01-01,1993-12-31,-0.48257357495102376,180,1997-01-01,2024-12-31,-0.032903036911887215,336,-0.2594823405067323,858,,2.5,0.6454972243679028
VolMkt,1996,1979,1993,1979-01-01,1993-12-31,0.4023165718867216,180,1997-01-01,2024-12-31,0.2554250387907922,336,0.1735099618971212,1182,,4.0,1.0327955589886444
VolumeTrend,1996,1979,1993,1979-01-01,1993-12-31,0.740545004281778,180,1997-01-01,2024-12-31,0.9605801649170878,336,0.5672392578525508,1158,,3.0,0.7745966692414833
